id,stamina
1000,0.0
1100,0.0
1200,0.0
1210,0.0
1220,0.0
1230,0.0
1240,0.0
1250,0.0
1260,0.0
1400,0.0
1410,0.0
1420,0.0
1430,0.0
1500,0.0
1600,0.0
1700,0.0
1800,0.0
1900,0.0
2000,0.0
2100,0.0
2200,0.0
11000,0.0
12000,12.0
13000,0.0
100000,12.0
100100,12.0
100200,12.0
100300,12.0
100400,12.0
100500,12.0
100600,12.0
100700,12.0
100800,12.0
100900,12.0
101000,12.0
110000,8.0
170000,0.0
171000,0.0
172000,0.0
173000,0.0
174000,0.0
175000,0.0
176000,0.0
183000,0.0
183100,0.0
184000,0.0
184100,0.0
300000,0.0
301000,0.0
301100,0.0
302000,0.0
303000,0.0
305000,0.0
305100,0.0
306000,0.0
307000,0.0
308000,0.0
351000,0.0
358000,0.0
361000,0.0
470000,0.0
471000,0.0
472000,0.0
502000,0.0
600000,0.0
613000,0.0
614000,0.0
615000,0.0
616000,0.0
618000,0.0
619000,0.0
620000,0.0
830000,0.0
830100,0.0
830200,0.0
832000,0.0
832100,0.0
833000,0.0
834000,0.0
835000,0.0
835100,0.0
836000,0.0
837000,0.0
840000,0.0
842000,0.0
843000,0.0
844000,0.0
846000,0.0
847000,0.0
848000,0.0
849000,0.0
851000,0.0
860000,0.0
864000,0.0
865000,0.0
866000,0.0
866100,0.0
867000,0.0
930000,0.0
931000,0.0
932000,0.0
933000,0.0
934000,0.0
937000,0.0
960000,0.0
962000,0.0
965000,0.0
966000,0.0
968000,0.0
969000,0.0
970000,0.0
971000,0.0
974000,0.0
976000,0.0
1000000,9.0
1000100,9.0
1000200,9.0
1000300,9.0
1000400,9.0
1000500,9.0
1000600,9.0
1000700,9.0
1000800,9.0
1000900,9.0
1001000,9.0
1001100,9.0
1001200,9.0
1010000,9.99
1020000,9.0
1020100,9.0
1020200,9.0
1020300,9.0
1020400,9.0
1020500,9.0
1020600,9.0
1020700,9.0
1020800,9.0
1020900,9.0
1021000,9.0
1021100,9.0
1021200,9.0
1030000,9.99
1030100,9.99
1030200,9.99
1030300,9.99
1030400,9.99
1030500,9.99
1030600,9.99
1030700,9.99
1030800,9.99
1030900,9.99
1031000,9.99
1031100,9.99
1031200,9.99
1040000,9.9
1050000,9.27
1060000,9.36
1060100,9.36
1060200,9.36
1060300,9.36
1060400,9.36
1060500,9.36
1060600,9.36
1060700,9.36
1060800,9.36
1060900,9.36
1061000,9.36
1061100,9.36
1061200,9.36
1070000,9.36
1080000,9.9
1090000,9.0
1090100,9.0
1090200,9.0
1090300,9.0
1090400,9.0
1090500,9.0
1090600,9.0
1090700,9.0
1090800,9.0
1090900,9.0
1091000,9.0
1091100,9.0
1091200,9.0
1100000,10.799999999999999
1100100,10.799999999999999
1100200,10.799999999999999
1100300,10.799999999999999
1100400,10.799999999999999
1100500,10.799999999999999
1100600,10.799999999999999
1100700,10.799999999999999
1100800,10.799999999999999
1100900,10.799999999999999
1101000,10.799999999999999
1101100,10.799999999999999
1101200,10.799999999999999
1110000,11.07
1130000,9.99
1140000,9.63
1140100,9.63
1140200,9.63
1140300,9.63
1140400,9.63
1140500,9.63
1140600,9.63
1140700,9.63
1140800,9.63
1140900,9.63
1141000,9.63
1141100,9.63
1141200,9.63
1150000,9.63
1150100,9.63
1150200,9.63
1150300,9.63
1150400,9.63
1150500,9.63
1150600,9.63
1150700,9.63
1150800,9.63
1150900,9.63
1151000,9.63
1151100,9.63
1151200,9.63
1160000,9.36
1190000,9.36
1500000,9.9
1500100,9.9
1500200,9.9
1500300,9.9
1500400,9.9
1500500,9.9
1500600,9.9
1500700,9.9
1500800,9.9
1500900,9.9
1501000,9.9
1501100,9.9
1501200,9.9
1510000,9.99
1510100,9.99
1510200,9.99
1510300,9.99
1510400,9.99
1510500,9.99
1510600,9.99
1510700,9.99
1510800,9.99
1510900,9.99
1511000,9.99
1511100,9.99
1511200,9.99
1690000,9.9
1910000,9.9
2000000,12.0
2000100,12.0
2000200,12.0
2000300,12.0
2000400,12.0
2000500,12.0
2000600,12.0
2000700,12.0
2000800,12.0
2000900,12.0
2001000,12.0
2001100,12.0
2001200,12.0
2010000,11.16
2010100,11.16
2010200,11.16
2010300,11.16
2010400,11.16
2010500,11.16
2010600,11.16
2010700,11.16
2010800,11.16
2010900,11.16
2011000,11.16
2011100,11.16
2011200,11.16
2020000,12.36
2020100,12.36
2020200,12.36
2020300,12.36
2020400,12.36
2020500,12.36
2020600,12.36
2020700,12.36
2020800,12.36
2020900,12.36
2021000,12.36
2021100,12.36
2021200,12.36
2040000,12.0
2040100,12.0
2040200,12.0
2040300,12.0
2040400,12.0
2040500,12.0
2040600,12.0
2040700,12.0
2040800,12.0
2040900,12.0
2041000,12.0
2041100,12.0
2041200,12.0
2050000,11.58
2050100,11.58
2050200,11.58
2050300,11.58
2050400,11.58
2050500,11.58
2050600,11.58
2050700,11.58
2050800,11.58
2050900,11.58
2051000,11.58
2051100,11.58
2051200,11.58
2060000,11.64
2070000,12.0
2080000,12.96
2090000,15.450000000000001
2092000,15.0
2110000,11.76
2140000,12.36
2150000,12.72
2180000,12.84
2190000,11.16
2200000,12.0
2210000,10.98
2210100,10.98
2210200,10.98
2210300,10.98
2210400,10.98
2210500,10.98
2210600,10.98
2210700,10.98
2210800,10.98
2210900,10.98
2211000,10.98
2211100,10.98
2211200,10.98
2220000,12.600000000000001
2230000,12.54
2230100,12.54
2230200,12.54
2230300,12.54
2230400,12.54
2230500,12.54
2230600,12.54
2230700,12.54
2230800,12.54
2230900,12.54
2231000,12.54
2231100,12.54
2231200,12.54
2240000,11.64
2240100,11.64
2240200,11.64
2240300,11.64
2240400,11.64
2240500,11.64
2240600,11.64
2240700,11.64
2240800,11.64
2240900,11.64
2241000,11.64
2241100,11.64
2241200,11.64
2250000,11.52
2260000,12.72
2510000,11.459999999999999
2520000,11.82
2530000,7.88
2540000,12.899999999999999
2550000,12.36
2560000,12.36
3000000,15.0
3000100,15.0
3000200,15.0
3000300,15.0
3000400,15.0
3000500,15.0
3000600,15.0
3000700,15.0
3000800,15.0
3000900,15.0
3001000,15.0
3001100,15.0
3001200,15.0
3010000,15.15
3010100,15.15
3010200,15.15
3010300,15.15
3010400,15.15
3010500,15.15
3010600,15.15
3010700,15.15
3010800,15.15
3010900,15.15
3011000,15.15
3011100,15.15
3011200,15.15
3020000,16.125
3020100,16.125
3020200,16.125
3020300,16.125
3020400,16.125
3020500,16.125
3020600,16.125
3020700,16.125
3020800,16.125
3020900,16.125
3021000,16.125
3021100,16.125
3021200,16.125
3030000,15.0
3030100,15.0
3030200,15.0
3030300,15.0
3030400,15.0
3030500,15.0
3030600,15.0
3030700,15.0
3030800,15.0
3030900,15.0
3031000,15.0
3031100,15.0
3031200,15.0
3040000,16.05
3040100,16.05
3040200,16.05
3040300,16.05
3040400,16.05
3040500,16.05
3040600,16.05
3040700,16.05
3040800,16.05
3040900,16.05
3041000,16.05
3041100,16.05
3041200,16.05
3050000,15.600000000000001
3050100,15.600000000000001
3050200,15.600000000000001
3050300,15.600000000000001
3050400,15.600000000000001
3050500,15.600000000000001
3050600,15.600000000000001
3050700,15.600000000000001
3050800,15.600000000000001
3050900,15.600000000000001
3051000,15.600000000000001
3051100,15.600000000000001
3051200,15.600000000000001
3060000,16.725
3070000,13.950000000000001
3080000,15.450000000000001
3080100,15.450000000000001
3080200,15.450000000000001
3080300,15.450000000000001
3080400,15.450000000000001
3080500,15.450000000000001
3080600,15.450000000000001
3080700,15.450000000000001
3080800,15.450000000000001
3080900,15.450000000000001
3081000,15.450000000000001
3081100,15.450000000000001
3081200,15.450000000000001
3090000,16.05
3100000,16.200000000000003
3130000,16.5
3140000,18.0
3150000,15.9
3160000,16.05
3170000,15.600000000000001
3180000,15.0
3180100,15.0
3180200,15.0
3180300,15.0
3180400,15.0
3180500,15.0
3180600,15.0
3180700,15.0
3180800,15.0
3180900,15.0
3181000,15.0
3181100,15.0
3181200,15.0
3190000,15.9
3190100,15.9
3190200,15.9
3190300,15.9
3190400,15.9
3190500,15.9
3190600,15.9
3190700,15.9
3190800,15.9
3190900,15.9
3191000,15.9
3191100,15.9
3191200,15.9
3200000,14.85
3210000,15.9
3220000,16.05
3500000,15.89
3500100,15.89
3500200,15.89
3500300,15.89
3500400,15.89
3500500,15.89
3500600,15.89
3500700,15.89
3500800,15.89
3500900,15.89
3501000,15.89
3501100,15.89
3501200,15.89
3510000,14.549999999999999
3520000,15.224999999999998
3520100,15.224999999999998
3520200,15.224999999999998
3520300,15.224999999999998
3520400,15.224999999999998
3520500,15.224999999999998
3520600,15.224999999999998
3520700,15.224999999999998
3520800,15.224999999999998
3520900,15.224999999999998
3521000,15.224999999999998
3521100,15.224999999999998
3521200,15.224999999999998
3550000,17.475
3690000,17.475
3900000,15.600000000000001
4000000,22.7
4000100,22.7
4000200,22.7
4000300,22.7
4000400,22.7
4000500,22.7
4000600,22.7
4000700,22.7
4000800,22.7
4000900,22.7
4001000,22.7
4001100,22.7
4001200,22.7
4010000,21.200000000000003
4010100,21.200000000000003
4010200,21.200000000000003
4010300,21.200000000000003
4010400,21.200000000000003
4010500,21.200000000000003
4010600,21.200000000000003
4010700,21.200000000000003
4010800,21.200000000000003
4010900,21.200000000000003
4011000,21.200000000000003
4011100,21.200000000000003
4011200,21.200000000000003
4020000,22.0
4030000,20.299999999999997
4030100,20.299999999999997
4030200,20.299999999999997
4030300,20.299999999999997
4030400,20.299999999999997
4030500,20.299999999999997
4030600,20.299999999999997
4030700,20.299999999999997
4030800,20.299999999999997
4030900,20.299999999999997
4031000,20.299999999999997
4031100,20.299999999999997
4031200,20.299999999999997
4040000,19.6
4040100,19.6
4040200,19.6
4040300,19.6
4040400,19.6
4040500,19.6
4040600,19.6
4040700,19.6
4040800,19.6
4040900,19.6
4041000,19.6
4041100,19.6
4041200,19.6
4050000,20.6
4060000,21.400000000000002
4070000,15.3
4080000,21.5
4100000,20.9
4110000,20.0
4500000,21.200000000000003
4520000,14.549999999999999
4520100,14.549999999999999
4520200,14.549999999999999
4520300,14.549999999999999
4520400,14.549999999999999
4520500,14.549999999999999
4520600,14.549999999999999
4520700,14.549999999999999
4520800,14.549999999999999
4520900,14.549999999999999
4521000,14.549999999999999
4521100,14.549999999999999
4521200,14.549999999999999
4530000,20.6
4540000,20.0
4550000,20.6
4690000,20.0
4900000,19.6
4910000,15.3
5000000,9.6
5000100,9.6
5000200,9.6
5000300,9.6
5000400,9.6
5000500,9.6
5000600,9.6
5000700,9.6
5000800,9.6
5000900,9.6
5001000,9.6
5001100,9.6
5001200,9.6
5010000,9.04
5010100,9.04
5010200,9.04
5010300,9.04
5010400,9.04
5010500,9.04
5010600,9.04
5010700,9.04
5010800,9.04
5010900,9.04
5011000,9.04
5011100,9.04
5011200,9.04
5020000,8.0
5020100,8.0
5020200,8.0
5020300,8.0
5020400,8.0
5020500,8.0
5020600,8.0
5020700,8.0
5020800,8.0
5020900,8.0
5021000,8.0
5021100,8.0
5021200,8.0
5030000,8.8
5030100,8.8
5030200,8.8
5030300,8.8
5030400,8.8
5030500,8.8
5030600,8.8
5030700,8.8
5030800,8.8
5030900,8.8
5031000,8.8
5031100,8.8
5031200,8.8
5040000,8.24
5040100,8.24
5040200,8.24
5040300,8.24
5040400,8.24
5040500,8.24
5040600,8.24
5040700,8.24
5040800,8.24
5040900,8.24
5041000,8.24
5041100,8.24
5041200,8.24
5050000,8.0
5060000,9.12
5060100,9.12
5060200,9.12
5060300,9.12
5060400,9.12
5060500,9.12
5060600,9.12
5060700,9.12
5060800,9.12
5060900,9.12
5061000,9.12
5061100,9.12
5061200,9.12
5690000,8.0
6000000,16.38
6010000,15.400000000000002
6010100,15.400000000000002
6010200,15.400000000000002
6010300,15.400000000000002
6010400,15.400000000000002
6010500,15.400000000000002
6010600,15.400000000000002
6010700,15.400000000000002
6010800,15.400000000000002
6010900,15.400000000000002
6011000,15.400000000000002
6011100,15.400000000000002
6011200,15.400000000000002
6020000,14.42
6020100,14.42
6020200,14.42
6020300,14.42
6020400,14.42
6020500,14.42
6020600,14.42
6020700,14.42
6020800,14.42
6020900,14.42
6021000,14.42
6021100,14.42
6021200,14.42
6040000,15.819999999999999
6500000,16.17
6500100,16.17
6500200,16.17
6500300,16.17
6500400,16.17
6500500,16.17
6500600,16.17
6500700,16.17
6500800,16.17
6500900,16.17
6501000,16.17
6501100,16.17
6501200,16.17
6690000,16.17
6900000,14.42
7000000,12.36
7000100,12.36
7000200,12.36
7000300,12.36
7000400,12.36
7000500,12.36
7000600,12.36
7000700,12.36
7000800,12.36
7000900,12.36
7001000,12.36
7001100,12.36
7001200,12.36
7010000,12.72
7010100,12.72
7010200,12.72
7010300,12.72
7010400,12.72
7010500,12.72
7010600,12.72
7010700,12.72
7010800,12.72
7010900,12.72
7011000,12.72
7011100,12.72
7011200,12.72
7020000,10.98
7020100,10.98
7020200,10.98
7020300,10.98
7020400,10.98
7020500,10.98
7020600,10.98
7020700,10.98
7020800,10.98
7020900,10.98
7021000,10.98
7021100,10.98
7021200,10.98
7030000,10.700000000000001
7030100,10.700000000000001
7030200,10.700000000000001
7030300,10.700000000000001
7030400,10.700000000000001
7030500,10.700000000000001
7030600,10.700000000000001
7030700,10.700000000000001
7030800,10.700000000000001
7030900,10.700000000000001
7031000,10.700000000000001
7031100,10.700000000000001
7031200,10.700000000000001
7040000,14.399999999999999
7040100,14.399999999999999
7040200,14.399999999999999
7040300,14.399999999999999
7040400,14.399999999999999
7040500,14.399999999999999
7040600,14.399999999999999
7040700,14.399999999999999
7040800,14.399999999999999
7040900,14.399999999999999
7041000,14.399999999999999
7041100,14.399999999999999
7041200,14.399999999999999
7050000,12.72
7060000,12.36
7060100,12.36
7060200,12.36
7060300,12.36
7060400,12.36
7060500,12.36
7060600,12.36
7060700,12.36
7060800,12.36
7060900,12.36
7061000,12.36
7061100,12.36
7061200,12.36
7070000,11.64
7080000,12.48
7080100,12.48
7080200,12.48
7080300,12.48
7080400,12.48
7080500,12.48
7080600,12.48
7080700,12.48
7080800,12.48
7080900,12.48
7081000,12.48
7081100,12.48
7081200,12.48
7100000,11.52
7110000,12.72
7110100,12.72
7110200,12.72
7110300,12.72
7110400,12.72
7110500,12.72
7110600,12.72
7110700,12.72
7110800,12.72
7110900,12.72
7111000,12.72
7111100,12.72
7111200,12.72
7120000,13.200000000000001
7120100,13.200000000000001
7120200,13.200000000000001
7120300,13.200000000000001
7120400,13.200000000000001
7120500,13.200000000000001
7120600,13.200000000000001
7120700,13.200000000000001
7120800,13.200000000000001
7120900,13.200000000000001
7121000,13.200000000000001
7121100,13.200000000000001
7121200,13.200000000000001
7140000,10.0
7140100,10.0
7140200,10.0
7140300,10.0
7140400,10.0
7140500,10.0
7140600,10.0
7140700,10.0
7140800,10.0
7140900,10.0
7141000,10.0
7141100,10.0
7141200,10.0
7150000,13.559999999999999
7150100,13.559999999999999
7150200,13.559999999999999
7150300,13.559999999999999
7150400,13.559999999999999
7150500,13.559999999999999
7150600,13.559999999999999
7150700,13.559999999999999
7150800,13.559999999999999
7150900,13.559999999999999
7151000,13.559999999999999
7151100,13.559999999999999
7151200,13.559999999999999
7500000,11.16
7510000,13.32
7520000,10.8
7530000,13.919999999999998
7670000,13.32
7680000,10.8
7690000,13.32
8010000,15.450000000000001
8020000,15.0
8020100,15.0
8020200,15.0
8020300,15.0
8020400,15.0
8020500,15.0
8020600,15.0
8020700,15.0
8020800,15.0
8020900,15.0
8021000,15.0
8021100,15.0
8021200,15.0
8030000,16.05
8040000,17.4
8050000,13.35
8060000,15.450000000000001
8060100,15.450000000000001
8060200,15.450000000000001
8060300,15.450000000000001
8060400,15.450000000000001
8060500,15.450000000000001
8060600,15.450000000000001
8060700,15.450000000000001
8060800,15.450000000000001
8060900,15.450000000000001
8061000,15.450000000000001
8061100,15.450000000000001
8061200,15.450000000000001
8070000,13.950000000000001
8070100,13.950000000000001
8070200,13.950000000000001
8070300,13.950000000000001
8070400,13.950000000000001
8070500,13.950000000000001
8070600,13.950000000000001
8070700,13.950000000000001
8070800,13.950000000000001
8070900,13.950000000000001
8071000,13.950000000000001
8071100,13.950000000000001
8071200,13.950000000000001
8080000,16.05
8080100,16.05
8080200,16.05
8080300,16.05
8080400,16.05
8080500,16.05
8080600,16.05
8080700,16.05
8080800,16.05
8080900,16.05
8081000,16.05
8081100,16.05
8081200,16.05
8100000,14.25
8500000,16.96
8510000,16.35
8510100,16.35
8510200,16.35
8510300,16.35
8510400,16.35
8510500,16.35
8510600,16.35
8510700,16.35
8510800,16.35
8510900,16.35
8511000,16.35
8511100,16.35
8511200,16.35
8520000,16.125
8690000,16.35
8900000,15.0
9000000,12.0
9000100,12.0
9000200,12.0
9000300,12.0
9000400,12.0
9000500,12.0
9000600,12.0
9000700,12.0
9000800,12.0
9000900,12.0
9001000,12.0
9001100,12.0
9001200,12.0
9010000,13.68
9010100,13.68
9010200,13.68
9010300,13.68
9010400,13.68
9010500,13.68
9010600,13.68
9010700,13.68
9010800,13.68
9010900,13.68
9011000,13.68
9011100,13.68
9011200,13.68
9020000,13.68
9030000,12.419999999999998
9040000,12.84
9060000,12.84
9070000,12.0
9080000,12.48
9080100,12.48
9080200,12.48
9080300,12.48
9080400,12.48
9080500,12.48
9080600,12.48
9080700,12.48
9080800,12.48
9080900,12.48
9081000,12.48
9081100,12.48
9081200,12.48
9500000,12.899999999999999
9680000,12.899999999999999
9690000,12.899999999999999
9900000,12.0
9910000,12.84
9911000,12.84
9920000,12.0
9930000,13.68
10000000,14.0
10000100,14.0
10000200,14.0
10000300,14.0
10000400,14.0
10000500,14.0
10000600,14.0
10000700,14.0
10000800,14.0
10000900,14.0
10001000,14.0
10001100,14.0
10001200,14.0
10010000,14.98
10010100,14.98
10010200,14.98
10010300,14.98
10010400,14.98
10010500,14.98
10010600,14.98
10010700,14.98
10010800,14.98
10010900,14.98
10011000,14.98
10011100,14.98
10011200,14.98
10030000,14.42
10030100,14.42
10030200,14.42
10030300,14.42
10030400,14.42
10030500,14.42
10030600,14.42
10030700,14.42
10030800,14.42
10030900,14.42
10031000,14.42
10031100,14.42
10031200,14.42
10050000,13.58
10080000,14.069999999999999
10080100,14.069999999999999
10080200,14.069999999999999
10080300,14.069999999999999
10080400,14.069999999999999
10080500,14.069999999999999
10080600,14.069999999999999
10080700,14.069999999999999
10080800,14.069999999999999
10080900,14.069999999999999
10081000,14.069999999999999
10081100,14.069999999999999
10081200,14.069999999999999
10090000,14.069999999999999
10500000,14.629999999999999
10510000,14.98
10510100,14.98
10510200,14.98
10510300,14.98
10510400,14.98
10510500,14.98
10510600,14.98
10510700,14.98
10510800,14.98
10510900,14.98
10511000,14.98
10511100,14.98
10511200,14.98
11000000,12.0
11000100,12.0
11000200,12.0
11000300,12.0
11000400,12.0
11000500,12.0
11000600,12.0
11000700,12.0
11000800,12.0
11000900,12.0
11001000,12.0
11001100,12.0
11001200,12.0
11010000,11.459999999999999
11010100,11.459999999999999
11010200,11.459999999999999
11010300,11.459999999999999
11010400,11.459999999999999
11010500,11.459999999999999
11010600,11.459999999999999
11010700,11.459999999999999
11010800,11.459999999999999
11010900,11.459999999999999
11011000,11.459999999999999
11011100,11.459999999999999
11011200,11.459999999999999
11030000,12.48
11030100,12.48
11030200,12.48
11030300,12.48
11030400,12.48
11030500,12.48
11030600,12.48
11030700,12.48
11030800,12.48
11030900,12.48
11031000,12.48
11031100,12.48
11031200,12.48
11040000,10.8
11040100,10.8
11040200,10.8
11040300,10.8
11040400,10.8
11040500,10.8
11040600,10.8
11040700,10.8
11040800,10.8
11040900,10.8
11041000,10.8
11041100,10.8
11041200,10.8
11050000,12.36
11050100,12.36
11050200,12.36
11050300,12.36
11050400,12.36
11050500,12.36
11050600,12.36
11050700,12.36
11050800,12.36
11050900,12.36
11051000,12.36
11051100,12.36
11051200,12.36
11060000,10.44
11070000,12.48
11070100,12.48
11070200,12.48
11070300,12.48
11070400,12.48
11070500,12.48
11070600,12.48
11070700,12.48
11070800,12.48
11070900,12.48
11071000,12.48
11071100,12.48
11071200,12.48
11080000,14.04
11080100,14.04
11080200,14.04
11080300,14.04
11080400,14.04
11080500,14.04
11080600,14.04
11080700,14.04
11080800,14.04
11080900,14.04
11081000,14.04
11081100,14.04
11081200,14.04
11090000,13.68
11090100,13.68
11090200,13.68
11090300,13.68
11090400,13.68
11090500,13.68
11090600,13.68
11090700,13.68
11090800,13.68
11090900,13.68
11091000,13.68
11091100,13.68
11091200,13.68
11100000,11.64
11110000,12.72
11120000,14.04
11130000,12.600000000000001
11140000,13.26
11140100,13.26
11140200,13.26
11140300,13.26
11140400,13.26
11140500,13.26
11140600,13.26
11140700,13.26
11140800,13.26
11140900,13.26
11141000,13.26
11141100,13.26
11141200,13.26
11150000,13.200000000000001
11170000,12.72
11500000,13.200000000000001
11690000,13.200000000000001
12000000,16.24
12000100,16.24
12000200,16.24
12000300,16.24
12000400,16.24
12000500,16.24
12000600,16.24
12000700,16.24
12000800,16.24
12000900,16.24
12001000,16.24
12001100,16.24
12001200,16.24
12010000,16.64
12010100,16.64
12010200,16.64
12010300,16.64
12010400,16.64
12010500,16.64
12010600,16.64
12010700,16.64
12010800,16.64
12010900,16.64
12011000,16.64
12011100,16.64
12011200,16.64
12020000,16.16
12020100,16.16
12020200,16.16
12020300,16.16
12020400,16.16
12020500,16.16
12020600,16.16
12020700,16.16
12020800,16.16
12020900,16.16
12021000,16.16
12021100,16.16
12021200,16.16
12060000,16.96
12060100,16.96
12060200,16.96
12060300,16.96
12060400,16.96
12060500,16.96
12060600,16.96
12060700,16.96
12060800,16.96
12060900,16.96
12061000,16.96
12061100,16.96
12061200,16.96
12080000,16.16
12080100,16.16
12080200,16.16
12080300,16.16
12080400,16.16
12080500,16.16
12080600,16.16
12080700,16.16
12080800,16.16
12080900,16.16
12081000,16.16
12081100,16.16
12081200,16.16
12130000,15.44
12130100,15.44
12130200,15.44
12130300,15.44
12130400,15.44
12130500,15.44
12130600,15.44
12130700,15.44
12130800,15.44
12130900,15.44
12131000,15.44
12131100,15.44
12131200,15.44
12140000,16.48
12140100,16.48
12140200,16.48
12140300,16.48
12140400,16.48
12140500,16.48
12140600,16.48
12140700,16.48
12140800,16.48
12140900,16.48
12141000,16.48
12141100,16.48
12141200,16.48
12150000,16.0
12160000,16.8
12170000,18.72
12180000,17.12
12180100,17.12
12180200,17.12
12180300,17.12
12180400,17.12
12180500,17.12
12180600,17.12
12180700,17.12
12180800,17.12
12180900,17.12
12181000,17.12
12181100,17.12
12181200,17.12
12190000,16.8
12190100,16.8
12190200,16.8
12190300,16.8
12190400,16.8
12190500,16.8
12190600,16.8
12190700,16.8
12190800,16.8
12190900,16.8
12191000,16.8
12191100,16.8
12191200,16.8
12200000,17.92
12210000,16.16
12210100,16.16
12210200,16.16
12210300,16.16
12210400,16.16
12210500,16.16
12210600,16.16
12210700,16.16
12210800,16.16
12210900,16.16
12211000,16.16
12211100,16.16
12211200,16.16
12500000,15.36
12500100,15.36
12500200,15.36
12500300,15.36
12500400,15.36
12500500,15.36
12500600,15.36
12500700,15.36
12500800,15.36
12500900,15.36
12501000,15.36
12501100,15.36
12501200,15.36
12510000,20.9
12520000,17.2
12520100,17.2
12520200,17.2
12520300,17.2
12520400,17.2
12520500,17.2
12520600,17.2
12520700,17.2
12520800,17.2
12520900,17.2
12521000,17.2
12521100,17.2
12521200,17.2
12530000,20.299999999999997
12530100,20.299999999999997
12530200,20.299999999999997
12530300,20.299999999999997
12530400,20.299999999999997
12530500,20.299999999999997
12530600,20.299999999999997
12530700,20.299999999999997
12530800,20.299999999999997
12530900,20.299999999999997
12531000,20.299999999999997
12531100,20.299999999999997
12531200,20.299999999999997
12900000,16.96
12910000,17.92
13000000,14.42
13000100,14.42
13000200,14.42
13000300,14.42
13000400,14.42
13000500,14.42
13000600,14.42
13000700,14.42
13000800,14.42
13000900,14.42
13001000,14.42
13001100,14.42
13001200,14.42
13010000,14.0
13010100,14.0
13010200,14.0
13010300,14.0
13010400,14.0
13010500,14.0
13010600,14.0
13010700,14.0
13010800,14.0
13010900,14.0
13011000,14.0
13011100,14.0
13011200,14.0
13020000,14.56
13030000,14.56
13040000,16.8
13040100,16.8
13040200,16.8
13040300,16.8
13040400,16.8
13040500,16.8
13040600,16.8
13040700,16.8
13040800,16.8
13040900,16.8
13041000,16.8
13041100,16.8
13041200,16.8
13500000,14.42
14000000,13.91
14000100,13.91
14000200,13.91
14000300,13.91
14000400,13.91
14000500,13.91
14000600,13.91
14000700,13.91
14000800,13.91
14000900,13.91
14001000,13.91
14001100,13.91
14001200,13.91
14010000,11.700000000000001
14010100,11.700000000000001
14010200,11.700000000000001
14010300,11.700000000000001
14010400,11.700000000000001
14010500,11.700000000000001
14010600,11.700000000000001
14010700,11.700000000000001
14010800,11.700000000000001
14010900,11.700000000000001
14011000,11.700000000000001
14011100,11.700000000000001
14011200,11.700000000000001
14020000,12.61
14020100,12.61
14020200,12.61
14020300,12.61
14020400,12.61
14020500,12.61
14020600,12.61
14020700,12.61
14020800,12.61
14020900,12.61
14021000,12.61
14021100,12.61
14021200,12.61
14030000,13.780000000000001
14030100,13.780000000000001
14030200,13.780000000000001
14030300,13.780000000000001
14030400,13.780000000000001
14030500,13.780000000000001
14030600,13.780000000000001
14030700,13.780000000000001
14030800,13.780000000000001
14030900,13.780000000000001
14031000,13.780000000000001
14031100,13.780000000000001
14031200,13.780000000000001
14040000,12.43
14040100,12.43
14040200,12.43
14040300,12.43
14040400,12.43
14040500,12.43
14040600,12.43
14040700,12.43
14040800,12.43
14040900,12.43
14041000,12.43
14041100,12.43
14041200,12.43
14050000,13.91
14060000,11.770000000000001
14060100,11.770000000000001
14060200,11.770000000000001
14060300,11.770000000000001
14060400,11.770000000000001
14060500,11.770000000000001
14060600,11.770000000000001
14060700,11.770000000000001
14060800,11.770000000000001
14060900,11.770000000000001
14061000,11.770000000000001
14061100,11.770000000000001
14061200,11.770000000000001
14080000,12.74
14100000,13.91
14100100,13.91
14100200,13.91
14100300,13.91
14100400,13.91
14100500,13.91
14100600,13.91
14100700,13.91
14100800,13.91
14100900,13.91
14101000,13.91
14101100,13.91
14101200,13.91
14110000,13.780000000000001
14110100,13.780000000000001
14110200,13.780000000000001
14110300,13.780000000000001
14110400,13.780000000000001
14110500,13.780000000000001
14110600,13.780000000000001
14110700,13.780000000000001
14110800,13.780000000000001
14110900,13.780000000000001
14111000,13.780000000000001
14111100,13.780000000000001
14111200,13.780000000000001
14120000,14.3
14140000,14.3
14500000,13.584999999999999
14500100,13.584999999999999
14500200,13.584999999999999
14500300,13.584999999999999
14500400,13.584999999999999
14500500,13.584999999999999
14500600,13.584999999999999
14500700,13.584999999999999
14500800,13.584999999999999
14500900,13.584999999999999
14501000,13.584999999999999
14501100,13.584999999999999
14501200,13.584999999999999
14510000,13.780000000000001
14520000,13.780000000000001
14520100,13.780000000000001
14520200,13.780000000000001
14520300,13.780000000000001
14520400,13.780000000000001
14520500,13.780000000000001
14520600,13.780000000000001
14520700,13.780000000000001
14520800,13.780000000000001
14520900,13.780000000000001
14521000,13.780000000000001
14521100,13.780000000000001
14521200,13.780000000000001
14540000,13.0
15000000,16.08
15000100,16.08
15000200,16.08
15000300,16.08
15000400,16.08
15000500,16.08
15000600,16.08
15000700,16.08
15000800,16.08
15000900,16.08
15001000,16.08
15001100,16.08
15001200,16.08
15010000,15.99
15010100,15.99
15010200,15.99
15010300,15.99
15010400,15.99
15010500,15.99
15010600,15.99
15010700,15.99
15010800,15.99
15010900,15.99
15011000,15.99
15011100,15.99
15011200,15.99
15020000,16.0
15020100,16.0
15020200,16.0
15020300,16.0
15020400,16.0
15020500,16.0
15020600,16.0
15020700,16.0
15020800,16.0
15020900,16.0
15021000,16.0
15021100,16.0
15021200,16.0
15030000,16.48
15030100,16.48
15030200,16.48
15030300,16.48
15030400,16.48
15030500,16.48
15030600,16.48
15030700,16.48
15030800,16.48
15030900,16.48
15031000,16.48
15031100,16.48
15031200,16.48
15040000,16.0
15050000,16.48
15050100,16.48
15050200,16.48
15050300,16.48
15050400,16.48
15050500,16.48
15050600,16.48
15050700,16.48
15050800,16.48
15050900,16.48
15051000,16.48
15051100,16.48
15051200,16.48
15060000,15.84
15060100,15.84
15060200,15.84
15060300,15.84
15060400,15.84
15060500,15.84
15060600,15.84
15060700,15.84
15060800,15.84
15060900,15.84
15061000,15.84
15061100,15.84
15061200,15.84
15080000,17.44
15080100,17.44
15080200,17.44
15080300,17.44
15080400,17.44
15080500,17.44
15080600,17.44
15080700,17.44
15080800,17.44
15080900,17.44
15081000,17.44
15081100,17.44
15081200,17.44
15110000,16.0
15120000,13.76
15120100,13.76
15120200,13.76
15120300,13.76
15120400,13.76
15120500,13.76
15120600,13.76
15120700,13.76
15120800,13.76
15120900,13.76
15121000,13.76
15121100,13.76
15121200,13.76
15130000,13.76
15130100,13.76
15130200,13.76
15130300,13.76
15130400,13.76
15130500,13.76
15130600,13.76
15130700,13.76
15130800,13.76
15130900,13.76
15131000,13.76
15131100,13.76
15131200,13.76
15140000,13.76
15500000,16.24
15510000,13.76
15690000,13.76
15900000,13.76
16000000,14.0
16000100,14.0
16000200,14.0
16000300,14.0
16000400,14.0
16000500,14.0
16000600,14.0
16000700,14.0
16000800,14.0
16000900,14.0
16001000,14.0
16001100,14.0
16001200,14.0
16010000,14.98
16010100,14.98
16010200,14.98
16010300,14.98
16010400,14.98
16010500,14.98
16010600,14.98
16010700,14.98
16010800,14.98
16010900,14.98
16011000,14.98
16011100,14.98
16011200,14.98
16020000,15.959999999999999
16030000,15.959999999999999
16030100,15.959999999999999
16030200,15.959999999999999
16030300,15.959999999999999
16030400,15.959999999999999
16030500,15.959999999999999
16030600,15.959999999999999
16030700,15.959999999999999
16030800,15.959999999999999
16030900,15.959999999999999
16031000,15.959999999999999
16031100,15.959999999999999
16031200,15.959999999999999
16040000,15.959999999999999
16050000,17.36
16050100,17.36
16050200,17.36
16050300,17.36
16050400,17.36
16050500,17.36
16050600,17.36
16050700,17.36
16050800,17.36
16050900,17.36
16051000,17.36
16051100,17.36
16051200,17.36
16060000,15.680000000000001
16060100,15.680000000000001
16060200,15.680000000000001
16060300,15.680000000000001
16060400,15.680000000000001
16060500,15.680000000000001
16060600,15.680000000000001
16060700,15.680000000000001
16060800,15.680000000000001
16060900,15.680000000000001
16061000,15.680000000000001
16061100,15.680000000000001
16061200,15.680000000000001
16070000,20.09
16070100,20.09
16070200,20.09
16070300,20.09
16070400,20.09
16070500,20.09
16070600,20.09
16070700,20.09
16070800,20.09
16070900,20.09
16071000,20.09
16071100,20.09
16071200,20.09
16080000,17.08
16090000,19.74
16110000,18.76
16110100,18.76
16110200,18.76
16110300,18.76
16110400,18.76
16110500,18.76
16110600,18.76
16110700,18.76
16110800,18.76
16110900,18.76
16111000,18.76
16111100,18.76
16111200,18.76
16120000,17.36
16130000,17.78
16140000,16.939999999999998
16140100,16.939999999999998
16140200,16.939999999999998
16140300,16.939999999999998
16140400,16.939999999999998
16140500,16.939999999999998
16140600,16.939999999999998
16140700,16.939999999999998
16140800,16.939999999999998
16140900,16.939999999999998
16141000,16.939999999999998
16141100,16.939999999999998
16141200,16.939999999999998
16150000,14.98
16150100,14.98
16150200,14.98
16150300,14.98
16150400,14.98
16150500,14.98
16150600,14.98
16150700,14.98
16150800,14.98
16150900,14.98
16151000,14.98
16151100,14.98
16151200,14.98
16160000,15.959999999999999
16500000,14.14
16500100,14.14
16500200,14.14
16500300,14.14
16500400,14.14
16500500,14.14
16500600,14.14
16500700,14.14
16500800,14.14
16500900,14.14
16501000,14.14
16501100,14.14
16501200,14.14
16520000,8.0
16520100,8.0
16520200,8.0
16520300,8.0
16520400,8.0
16520500,8.0
16520600,8.0
16520700,8.0
16520800,8.0
16520900,8.0
16521000,8.0
16521100,8.0
16521200,8.0
16540000,14.42
16540100,14.42
16540200,14.42
16540300,14.42
16540400,14.42
16540500,14.42
16540600,14.42
16540700,14.42
16540800,14.42
16540900,14.42
16541000,14.42
16541100,14.42
16541200,14.42
16550000,18.0
17010000,19.8
17020000,19.8
17030000,20.160000000000004
17050000,18.0
17060000,19.26
17060100,19.26
17060200,19.26
17060300,19.26
17060400,19.26
17060500,19.26
17060600,19.26
17060700,19.26
17060800,19.26
17060900,19.26
17061000,19.26
17061100,19.26
17061200,19.26
17070000,19.89
17070100,19.89
17070200,19.89
17070300,19.89
17070400,19.89
17070500,19.89
17070600,19.89
17070700,19.89
17070800,19.89
17070900,19.89
17071000,19.89
17071100,19.89
17071200,19.89
17500000,19.89
17510000,18.27
17510100,18.27
17510200,18.27
17510300,18.27
17510400,18.27
17510500,18.27
17510600,18.27
17510700,18.27
17510800,18.27
17510900,18.27
17511000,18.27
17511100,18.27
17511200,18.27
17520000,18.36
17900000,18.0
17910000,19.89
18000000,15.0
18000100,15.0
18000200,15.0
18000300,15.0
18000400,15.0
18000500,15.0
18000600,15.0
18000700,15.0
18000800,15.0
18000900,15.0
18001000,15.0
18001100,15.0
18001200,15.0
18010000,14.549999999999999
18010100,14.549999999999999
18010200,14.549999999999999
18010300,14.549999999999999
18010400,14.549999999999999
18010500,14.549999999999999
18010600,14.549999999999999
18010700,14.549999999999999
18010800,14.549999999999999
18010900,14.549999999999999
18011000,14.549999999999999
18011100,14.549999999999999
18011200,14.549999999999999
18020000,13.950000000000001
18020100,13.950000000000001
18020200,13.950000000000001
18020300,13.950000000000001
18020400,13.950000000000001
18020500,13.950000000000001
18020600,13.950000000000001
18020700,13.950000000000001
18020800,13.950000000000001
18020900,13.950000000000001
18021000,13.950000000000001
18021100,13.950000000000001
18021200,13.950000000000001
18030000,15.0
18030100,15.0
18030200,15.0
18030300,15.0
18030400,15.0
18030500,15.0
18030600,15.0
18030700,15.0
18030800,15.0
18030900,15.0
18031000,15.0
18031100,15.0
18031200,15.0
18040000,17.175
18050000,17.4
18050100,17.4
18050200,17.4
18050300,17.4
18050400,17.4
18050500,17.4
18050600,17.4
18050700,17.4
18050800,17.4
18050900,17.4
18051000,17.4
18051100,17.4
18051200,17.4
18060000,15.224999999999998
18070000,14.399999999999999
18070100,14.399999999999999
18070200,14.399999999999999
18070300,14.399999999999999
18070400,14.399999999999999
18070500,14.399999999999999
18070600,14.399999999999999
18070700,14.399999999999999
18070800,14.399999999999999
18070900,14.399999999999999
18071000,14.399999999999999
18071100,14.399999999999999
18071200,14.399999999999999
18080000,17.25
18090000,16.5
18090100,16.5
18090200,16.5
18090300,16.5
18090400,16.5
18090500,16.5
18090600,16.5
18090700,16.5
18090800,16.5
18090900,16.5
18091000,16.5
18091100,16.5
18091200,16.5
18100000,14.3
18110000,13.39
18110100,13.39
18110200,13.39
18110300,13.39
18110400,13.39
18110500,13.39
18110600,13.39
18110700,13.39
18110800,13.39
18110900,13.39
18111000,13.39
18111100,13.39
18111200,13.39
18130000,14.399999999999999
18130100,14.399999999999999
18130200,14.399999999999999
18130300,14.399999999999999
18130400,14.399999999999999
18130500,14.399999999999999
18130600,14.399999999999999
18130700,14.399999999999999
18130800,14.399999999999999
18130900,14.399999999999999
18131000,14.399999999999999
18131100,14.399999999999999
18131200,14.399999999999999
18140000,16.125
18150000,16.200000000000003
18150100,16.200000000000003
18150200,16.200000000000003
18150300,16.200000000000003
18150400,16.200000000000003
18150500,16.200000000000003
18150600,16.200000000000003
18150700,16.200000000000003
18150800,16.200000000000003
18150900,16.200000000000003
18151000,16.200000000000003
18151100,16.200000000000003
18151200,16.200000000000003
18160000,16.200000000000003
18500000,14.25
18510000,14.819999999999999
19000000,15.0
19000100,15.0
19000200,15.0
19000300,15.0
19000400,15.0
19000500,15.0
19000600,15.0
19000700,15.0
19000800,15.0
19000900,15.0
19001000,15.0
19001100,15.0
19001200,15.0
19010000,15.9
19010100,15.9
19010200,15.9
19010300,15.9
19010400,15.9
19010500,15.9
19010600,15.9
19010700,15.9
19010800,15.9
19010900,15.9
19011000,15.9
19011100,15.9
19011200,15.9
19020000,15.450000000000001
19060000,15.0
19500000,14.549999999999999
19690000,14.549999999999999
20000000,15.0
20000100,15.0
20000200,15.0
20000300,15.0
20000400,15.0
20000500,15.0
20000600,15.0
20000700,15.0
20000800,15.0
20000900,15.0
20001000,15.0
20001100,15.0
20001200,15.0
20020000,16.05
20020100,16.05
20020200,16.05
20020300,16.05
20020400,16.05
20020500,16.05
20020600,16.05
20020700,16.05
20020800,16.05
20020900,16.05
20021000,16.05
20021100,16.05
20021200,16.05
20030000,15.450000000000001
20050000,16.95
20050100,16.95
20050200,16.95
20050300,16.95
20050400,16.95
20050500,16.95
20050600,16.95
20050700,16.95
20050800,16.95
20050900,16.95
20051000,16.95
20051100,16.95
20051200,16.95
20060000,15.450000000000001
20070000,15.9
20070100,15.9
20070200,15.9
20070300,15.9
20070400,15.9
20070500,15.9
20070600,15.9
20070700,15.9
20070800,15.9
20070900,15.9
20071000,15.9
20071100,15.9
20071200,15.9
20500000,15.9
21000000,8.0
21000100,8.0
21000200,8.0
21000300,8.0
21000400,8.0
21000500,8.0
21000600,8.0
21000700,8.0
21000800,8.0
21000900,8.0
21001000,8.0
21001100,8.0
21001200,8.0
21010000,8.0
21010100,8.0
21010200,8.0
21010300,8.0
21010400,8.0
21010500,8.0
21010600,8.0
21010700,8.0
21010800,8.0
21010900,8.0
21011000,8.0
21011100,8.0
21011200,8.0
21060000,8.8
21070000,8.48
21070100,8.48
21070200,8.48
21070300,8.48
21070400,8.48
21070500,8.48
21070600,8.48
21070700,8.48
21070800,8.48
21070900,8.48
21071000,8.48
21071100,8.48
21071200,8.48
21080000,9.16
21080100,9.16
21080200,9.16
21080300,9.16
21080400,9.16
21080500,9.16
21080600,9.16
21080700,9.16
21080800,9.16
21080900,9.16
21081000,9.16
21081100,9.16
21081200,9.16
21100000,8.56
21100100,8.56
21100200,8.56
21100300,8.56
21100400,8.56
21100500,8.56
21100600,8.56
21100700,8.56
21100800,8.56
21100900,8.56
21101000,8.56
21101100,8.56
21101200,8.56
21110000,8.88
21120000,9.6
21130000,8.08
21500000,7.52
21510000,9.6
21510100,9.6
21510200,9.6
21510300,9.6
21510400,9.6
21510500,9.6
21510600,9.6
21510700,9.6
21510800,9.6
21510900,9.6
21511000,9.6
21511100,9.6
21511200,9.6
21520000,7.76
21530000,7.76
21540000,10.16
21540100,10.16
21540200,10.16
21540300,10.16
21540400,10.16
21540500,10.16
21540600,10.16
21540700,10.16
21540800,10.16
21540900,10.16
21541000,10.16
21541100,10.16
21541200,10.16
21550000,9.0
21670000,7.76
21680000,7.52
21690000,9.0
22000000,8.0
22000100,8.0
22000200,8.0
22000300,8.0
22000400,8.0
22000500,8.0
22000600,8.0
22000700,8.0
22000800,8.0
22000900,8.0
22001000,8.0
22001100,8.0
22001200,8.0
22010000,7.92
22010100,7.92
22010200,7.92
22010300,7.92
22010400,7.92
22010500,7.92
22010600,7.92
22010700,7.92
22010800,7.92
22010900,7.92
22011000,7.92
22011100,7.92
22011200,7.92
22020000,8.48
22020100,8.48
22020200,8.48
22020300,8.48
22020400,8.48
22020500,8.48
22020600,8.48
22020700,8.48
22020800,8.48
22020900,8.48
22021000,8.48
22021100,8.48
22021200,8.48
22030000,7.76
22030100,7.76
22030200,7.76
22030300,7.76
22030400,7.76
22030500,7.76
22030600,7.76
22030700,7.76
22030800,7.76
22030900,7.76
22031000,7.76
22031100,7.76
22031200,7.76
22500000,8.88
22690000,8.88
23000000,25.0
23000100,25.0
23000200,25.0
23000300,25.0
23000400,25.0
23000500,25.0
23000600,25.0
23000700,25.0
23000800,25.0
23000900,25.0
23001000,25.0
23001100,25.0
23001200,25.0
23010000,23.0
23020000,22.400000000000002
23020100,22.400000000000002
23020200,22.400000000000002
23020300,22.400000000000002
23020400,22.400000000000002
23020500,22.400000000000002
23020600,22.400000000000002
23020700,22.400000000000002
23020800,22.400000000000002
23020900,22.400000000000002
23021000,22.400000000000002
23021100,22.400000000000002
23021200,22.400000000000002
23030000,23.15
23040000,20.6
23040100,20.6
23040200,20.6
23040300,20.6
23040400,20.6
23040500,20.6
23040600,20.6
23040700,20.6
23040800,20.6
23040900,20.6
23041000,20.6
23041100,20.6
23041200,20.6
23050000,20.0
23060000,18.6
23070000,23.599999999999998
23080000,24.6
23100000,20.5
23110000,25.9
23110100,25.9
23110200,25.9
23110300,25.9
23110400,25.9
23110500,25.9
23110600,25.9
23110700,25.9
23110800,25.9
23110900,25.9
23111000,25.9
23111100,25.9
23111200,25.9
23120000,21.6
23120100,21.6
23120200,21.6
23120300,21.6
23120400,21.6
23120500,21.6
23120600,21.6
23120700,21.6
23120800,21.6
23120900,21.6
23121000,21.6
23121100,21.6
23121200,21.6
23130000,22.1
23130100,22.1
23130200,22.1
23130300,22.1
23130400,22.1
23130500,22.1
23130600,22.1
23130700,22.1
23130800,22.1
23130900,22.1
23131000,22.1
23131100,22.1
23131200,22.1
23140000,23.0
23150000,20.6
23150100,20.6
23150200,20.6
23150300,20.6
23150400,20.6
23150500,20.6
23150600,20.6
23150700,20.6
23150800,20.6
23150900,20.6
23151000,20.6
23151100,20.6
23151200,20.6
23500000,20.299999999999997
23510000,19.099999999999998
23520000,18.700000000000003
23900000,20.6
23910000,20.6
23920000,20.5
23930000,22.9
24000000,8.19
24020000,8.64
24040000,8.64
24050000,8.01
24060000,8.73
24070000,10.080000000000002
24500000,9.135
24510000,8.865
24590000,8.865
30000000,8.370000000000001
30000100,8.370000000000001
30000200,8.370000000000001
30000300,8.370000000000001
30000400,8.370000000000001
30000500,8.370000000000001
30000600,8.370000000000001
30000700,8.370000000000001
30000800,8.370000000000001
30000900,8.370000000000001
30001000,8.370000000000001
30001100,8.370000000000001
30001200,8.370000000000001
30010000,8.73
30010100,8.73
30010200,8.73
30010300,8.73
30010400,8.73
30010500,8.73
30010600,8.73
30010700,8.73
30010800,8.73
30010900,8.73
30011000,8.73
30011100,8.73
30011200,8.73
30020000,9.0
30020100,9.0
30020200,9.0
30020300,9.0
30020400,9.0
30020500,9.0
30020600,9.0
30020700,9.0
30020800,9.0
30020900,9.0
30021000,9.0
30021100,9.0
30021200,9.0
30030000,9.0
30030100,9.0
30030200,9.0
30030300,9.0
30030400,9.0
30030500,9.0
30030600,9.0
30030700,9.0
30030800,9.0
30030900,9.0
30031000,9.0
30031100,9.0
30031200,9.0
30040000,9.63
30040100,9.63
30040200,9.63
30040300,9.63
30040400,9.63
30040500,9.63
30040600,9.63
30040700,9.63
30040800,9.63
30040900,9.63
30041000,9.63
30041100,9.63
30041200,9.63
30060000,8.64
30060100,8.64
30060200,8.64
30060300,8.64
30060400,8.64
30060500,8.64
30060600,8.64
30060700,8.64
30060800,8.64
30060900,8.64
30061000,8.64
30061100,8.64
30061200,8.64
30070000,9.0
30070100,9.0
30070200,9.0
30070300,9.0
30070400,9.0
30070500,9.0
30070600,9.0
30070700,9.0
30070800,9.0
30070900,9.0
30071000,9.0
30071100,9.0
30071200,9.0
30080000,9.0
30080100,9.0
30080200,9.0
30080300,9.0
30080400,9.0
30080500,9.0
30080600,9.0
30080700,9.0
30080800,9.0
30080900,9.0
30081000,9.0
30081100,9.0
30081200,9.0
30090000,9.27
30090100,9.27
30090200,9.27
30090300,9.27
30090400,9.27
30090500,9.27
30090600,9.27
30090700,9.27
30090800,9.27
30090900,9.27
30091000,9.27
30091100,9.27
30091200,9.27
30100000,9.27
30100100,9.27
30100200,9.27
30100300,9.27
30100400,9.27
30100500,9.27
30100600,9.27
30100700,9.27
30100800,9.27
30100900,9.27
30101000,9.27
30101100,9.27
30101200,9.27
30110000,9.0
30110100,9.0
30110200,9.0
30110300,9.0
30110400,9.0
30110500,9.0
30110600,9.0
30110700,9.0
30110800,9.0
30110900,9.0
30111000,9.0
30111100,9.0
30111200,9.0
30120000,9.540000000000001
30120100,9.540000000000001
30120200,9.540000000000001
30120300,9.540000000000001
30120400,9.540000000000001
30120500,9.540000000000001
30120600,9.540000000000001
30120700,9.540000000000001
30120800,9.540000000000001
30120900,9.540000000000001
30121000,9.540000000000001
30121100,9.540000000000001
30121200,9.540000000000001
30130000,9.540000000000001
30130100,9.540000000000001
30130200,9.540000000000001
30130300,9.540000000000001
30130400,9.540000000000001
30130500,9.540000000000001
30130600,9.540000000000001
30130700,9.540000000000001
30130800,9.540000000000001
30130900,9.540000000000001
30131000,9.540000000000001
30131100,9.540000000000001
30131200,9.540000000000001
30140000,9.540000000000001
30140100,9.540000000000001
30140200,9.540000000000001
30140300,9.540000000000001
30140400,9.540000000000001
30140500,9.540000000000001
30140600,9.540000000000001
30140700,9.540000000000001
30140800,9.540000000000001
30140900,9.540000000000001
30141000,9.540000000000001
30141100,9.540000000000001
30141200,9.540000000000001
30150000,9.540000000000001
30190000,9.36
30190100,9.36
30190200,9.36
30190300,9.36
30190400,9.36
30190500,9.36
30190600,9.36
30190700,9.36
30190800,9.36
30190900,9.36
30191000,9.36
30191100,9.36
30191200,9.36
30200000,8.73
30510000,9.27
31000000,11.16
31000100,11.16
31000200,11.16
31000300,11.16
31000400,11.16
31000500,11.16
31000600,11.16
31000700,11.16
31000800,11.16
31000900,11.16
31001000,11.16
31001100,11.16
31001200,11.16
31010000,10.8
31010100,10.8
31010200,10.8
31010300,10.8
31010400,10.8
31010500,10.8
31010600,10.8
31010700,10.8
31010800,10.8
31010900,10.8
31011000,10.8
31011100,10.8
31011200,10.8
31020000,11.459999999999999
31020100,11.459999999999999
31020200,11.459999999999999
31020300,11.459999999999999
31020400,11.459999999999999
31020500,11.459999999999999
31020600,11.459999999999999
31020700,11.459999999999999
31020800,11.459999999999999
31020900,11.459999999999999
31021000,11.459999999999999
31021100,11.459999999999999
31021200,11.459999999999999
31030000,12.84
31030100,12.84
31030200,12.84
31030300,12.84
31030400,12.84
31030500,12.84
31030600,12.84
31030700,12.84
31030800,12.84
31030900,12.84
31031000,12.84
31031100,12.84
31031200,12.84
31040000,11.16
31040100,11.16
31040200,11.16
31040300,11.16
31040400,11.16
31040500,11.16
31040600,11.16
31040700,11.16
31040800,11.16
31040900,11.16
31041000,11.16
31041100,11.16
31041200,11.16
31050000,11.28
31050100,11.28
31050200,11.28
31050300,11.28
31050400,11.28
31050500,11.28
31050600,11.28
31050700,11.28
31050800,11.28
31050900,11.28
31051000,11.28
31051100,11.28
31051200,11.28
31060000,10.32
31070000,11.459999999999999
31070100,11.459999999999999
31070200,11.459999999999999
31070300,11.459999999999999
31070400,11.459999999999999
31070500,11.459999999999999
31070600,11.459999999999999
31070700,11.459999999999999
31070800,11.459999999999999
31070900,11.459999999999999
31071000,11.459999999999999
31071100,11.459999999999999
31071200,11.459999999999999
31080000,11.16
31080100,11.16
31080200,11.16
31080300,11.16
31080400,11.16
31080500,11.16
31080600,11.16
31080700,11.16
31080800,11.16
31080900,11.16
31081000,11.16
31081100,11.16
31081200,11.16
31090000,11.16
31090100,11.16
31090200,11.16
31090300,11.16
31090400,11.16
31090500,11.16
31090600,11.16
31090700,11.16
31090800,11.16
31090900,11.16
31091000,11.16
31091100,11.16
31091200,11.16
31100000,12.0
31100100,12.0
31100200,12.0
31100300,12.0
31100400,12.0
31100500,12.0
31100600,12.0
31100700,12.0
31100800,12.0
31100900,12.0
31101000,12.0
31101100,12.0
31101200,12.0
31130000,14.100000000000001
31130100,14.100000000000001
31130200,14.100000000000001
31130300,14.100000000000001
31130400,14.100000000000001
31130500,14.100000000000001
31130600,14.100000000000001
31130700,14.100000000000001
31130800,14.100000000000001
31130900,14.100000000000001
31131000,14.100000000000001
31131100,14.100000000000001
31131200,14.100000000000001
31140000,12.18
31140100,12.18
31140200,12.18
31140300,12.18
31140400,12.18
31140500,12.18
31140600,12.18
31140700,12.18
31140800,12.18
31140900,12.18
31141000,12.18
31141100,12.18
31141200,12.18
31170000,12.0
31170100,12.0
31170200,12.0
31170300,12.0
31170400,12.0
31170500,12.0
31170600,12.0
31170700,12.0
31170800,12.0
31170900,12.0
31171000,12.0
31171100,12.0
31171200,12.0
31190000,11.16
31190100,11.16
31190200,11.16
31190300,11.16
31190400,11.16
31190500,11.16
31190600,11.16
31190700,11.16
31190800,11.16
31190900,11.16
31191000,11.16
31191100,11.16
31191200,11.16
31230000,10.8
31230100,10.8
31230200,10.8
31230300,10.8
31230400,10.8
31230500,10.8
31230600,10.8
31230700,10.8
31230800,10.8
31230900,10.8
31231000,10.8
31231100,10.8
31231200,10.8
31240000,11.22
31240100,11.22
31240200,11.22
31240300,11.22
31240400,11.22
31240500,11.22
31240600,11.22
31240700,11.22
31240800,11.22
31240900,11.22
31241000,11.22
31241100,11.22
31241200,11.22
31250000,11.22
31250100,11.22
31250200,11.22
31250300,11.22
31250400,11.22
31250500,11.22
31250600,11.22
31250700,11.22
31250800,11.22
31250900,11.22
31251000,11.22
31251100,11.22
31251200,11.22
31260000,11.22
31260100,11.22
31260200,11.22
31260300,11.22
31260400,11.22
31260500,11.22
31260600,11.22
31260700,11.22
31260800,11.22
31260900,11.22
31261000,11.22
31261100,11.22
31261200,11.22
31270000,11.22
31270100,11.22
31270200,11.22
31270300,11.22
31270400,11.22
31270500,11.22
31270600,11.22
31270700,11.22
31270800,11.22
31270900,11.22
31271000,11.22
31271100,11.22
31271200,11.22
31280000,10.98
31280100,10.98
31280200,10.98
31280300,10.98
31280400,10.98
31280500,10.98
31280600,10.98
31280700,10.98
31280800,10.98
31280900,10.98
31281000,10.98
31281100,10.98
31281200,10.98
31290000,10.98
31290100,10.98
31290200,10.98
31290300,10.98
31290400,10.98
31290500,10.98
31290600,10.98
31290700,10.98
31290800,10.98
31290900,10.98
31291000,10.98
31291100,10.98
31291200,10.98
31300000,10.98
31300100,10.98
31300200,10.98
31300300,10.98
31300400,10.98
31300500,10.98
31300600,10.98
31300700,10.98
31300800,10.98
31300900,10.98
31301000,10.98
31301100,10.98
31301200,10.98
31310000,10.98
31310100,10.98
31310200,10.98
31310300,10.98
31310400,10.98
31310500,10.98
31310600,10.98
31310700,10.98
31310800,10.98
31310900,10.98
31311000,10.98
31311100,10.98
31311200,10.98
31320000,10.98
31320100,10.98
31320200,10.98
31320300,10.98
31320400,10.98
31320500,10.98
31320600,10.98
31320700,10.98
31320800,10.98
31320900,10.98
31321000,10.98
31321100,10.98
31321200,10.98
31330000,10.98
31330100,10.98
31330200,10.98
31330300,10.98
31330400,10.98
31330500,10.98
31330600,10.98
31330700,10.98
31330800,10.98
31330900,10.98
31331000,10.98
31331100,10.98
31331200,10.98
31340000,10.8
31340100,10.8
31340200,10.8
31340300,10.8
31340400,10.8
31340500,10.8
31340600,10.8
31340700,10.8
31340800,10.8
31340900,10.8
31341000,10.8
31341100,10.8
31341200,10.8
31500000,12.0
31500100,12.0
31500200,12.0
31500300,12.0
31500400,12.0
31500500,12.0
31500600,12.0
31500700,12.0
31500800,12.0
31500900,12.0
31501000,12.0
31501100,12.0
31501200,12.0
31510000,12.36
31510100,12.36
31510200,12.36
31510300,12.36
31510400,12.36
31510500,12.36
31510600,12.36
31510700,12.36
31510800,12.36
31510900,12.36
31511000,12.36
31511100,12.36
31511200,12.36
31520000,12.36
31520100,12.36
31520200,12.36
31520300,12.36
31520400,12.36
31520500,12.36
31520600,12.36
31520700,12.36
31520800,12.36
31520900,12.36
31521000,12.36
31521100,12.36
31521200,12.36
31530000,12.18
31690000,12.18
32000000,18.81
32000100,18.81
32000200,18.81
32000300,18.81
32000400,18.81
32000500,18.81
32000600,18.81
32000700,18.81
32000800,18.81
32000900,18.81
32001000,18.81
32001100,18.81
32001200,18.81
32020000,19.26
32020100,19.26
32020200,19.26
32020300,19.26
32020400,19.26
32020500,19.26
32020600,19.26
32020700,19.26
32020800,19.26
32020900,19.26
32021000,19.26
32021100,19.26
32021200,19.26
32030000,16.830000000000002
32040000,17.46
32050000,16.245
32050100,16.245
32050200,16.245
32050300,16.245
32050400,16.245
32050500,16.245
32050600,16.245
32050700,16.245
32050800,16.245
32050900,16.245
32051000,16.245
32051100,16.245
32051200,16.245
32080000,16.740000000000002
32090000,17.189999999999998
32090100,17.189999999999998
32090200,17.189999999999998
32090300,17.189999999999998
32090400,17.189999999999998
32090500,17.189999999999998
32090600,17.189999999999998
32090700,17.189999999999998
32090800,17.189999999999998
32090900,17.189999999999998
32091000,17.189999999999998
32091100,17.189999999999998
32091200,17.189999999999998
32120000,15.84
32130000,22.32
32130100,22.32
32130200,22.32
32130300,22.32
32130400,22.32
32130500,22.32
32130600,22.32
32130700,22.32
32130800,22.32
32130900,22.32
32131000,22.32
32131100,22.32
32131200,22.32
32140000,16.919999999999998
32150000,19.62
32160000,20.7
32170000,16.919999999999998
32170100,16.919999999999998
32170200,16.919999999999998
32170300,16.919999999999998
32170400,16.919999999999998
32170500,16.919999999999998
32170600,16.919999999999998
32170700,16.919999999999998
32170800,16.919999999999998
32170900,16.919999999999998
32171000,16.919999999999998
32171100,16.919999999999998
32171200,16.919999999999998
32190000,18.27
32190100,18.27
32190200,18.27
32190300,18.27
32190400,18.27
32190500,18.27
32190600,18.27
32190700,18.27
32190800,18.27
32190900,18.27
32191000,18.27
32191100,18.27
32191200,18.27
32200000,18.27
32200100,18.27
32200200,18.27
32200300,18.27
32200400,18.27
32200500,18.27
32200600,18.27
32200700,18.27
32200800,18.27
32200900,18.27
32201000,18.27
32201100,18.27
32201200,18.27
32210000,18.27
32210100,18.27
32210200,18.27
32210300,18.27
32210400,18.27
32210500,18.27
32210600,18.27
32210700,18.27
32210800,18.27
32210900,18.27
32211000,18.27
32211100,18.27
32211200,18.27
32220000,17.46
32230000,17.37
32230100,17.37
32230200,17.37
32230300,17.37
32230400,17.37
32230500,17.37
32230600,17.37
32230700,17.37
32230800,17.37
32230900,17.37
32231000,17.37
32231100,17.37
32231200,17.37
32240000,18.0
32240100,18.0
32240200,18.0
32240300,18.0
32240400,18.0
32240500,18.0
32240600,18.0
32240700,18.0
32240800,18.0
32240900,18.0
32241000,18.0
32241100,18.0
32241200,18.0
32250000,18.0
32250100,18.0
32250200,18.0
32250300,18.0
32250400,18.0
32250500,18.0
32250600,18.0
32250700,18.0
32250800,18.0
32250900,18.0
32251000,18.0
32251100,18.0
32251200,18.0
32260000,18.54
32260100,18.54
32260200,18.54
32260300,18.54
32260400,18.54
32260500,18.54
32260600,18.54
32260700,18.54
32260800,18.54
32260900,18.54
32261000,18.54
32261100,18.54
32261200,18.54
32270000,18.81
32270100,18.81
32270200,18.81
32270300,18.81
32270400,18.81
32270500,18.81
32270600,18.81
32270700,18.81
32270800,18.81
32270900,18.81
32271000,18.81
32271100,18.81
32271200,18.81
32280000,19.8
32280100,19.8
32280200,19.8
32280300,19.8
32280400,19.8
32280500,19.8
32280600,19.8
32280700,19.8
32280800,19.8
32280900,19.8
32281000,19.8
32281100,19.8
32281200,19.8
32290000,15.84
32290100,15.84
32290200,15.84
32290300,15.84
32290400,15.84
32290500,15.84
32290600,15.84
32290700,15.84
32290800,15.84
32290900,15.84
32291000,15.84
32291100,15.84
32291200,15.84
32300000,16.38
32300100,16.38
32300200,16.38
32300300,16.38
32300400,16.38
32300500,16.38
32300600,16.38
32300700,16.38
32300800,16.38
32300900,16.38
32301000,16.38
32301100,16.38
32301200,16.38
32500000,19.349999999999998
32500100,19.349999999999998
32500200,19.349999999999998
32500300,19.349999999999998
32500400,19.349999999999998
32500500,19.349999999999998
32500600,19.349999999999998
32500700,19.349999999999998
32500800,19.349999999999998
32500900,19.349999999999998
32501000,19.349999999999998
32501100,19.349999999999998
32501200,19.349999999999998
32520000,22.05
32690000,22.05
32900000,18.27
32910000,19.62
32920000,19.26
33000000,12.0
33040000,13.080000000000002
33050000,11.64
33060000,12.0
33090000,12.0
33120000,13.080000000000002
33130000,12.0
33170000,11.64
33180000,12.0
33190000,11.64
33200000,12.0
33210000,12.0
33230000,12.54
33240000,12.54
33250000,13.080000000000002
33260000,13.080000000000002
33270000,13.080000000000002
33280000,11.64
33510000,12.36
33520000,12.36
33690000,12.36
33900000,12.0
33910000,12.0
33920000,12.0
33930000,12.0
33940000,12.0
33950000,11.64
33960000,12.0
33970000,13.080000000000002
33980000,11.64
34000000,8.0
34010000,8.0
34020000,8.0
34030000,8.0
34040000,8.0
34060000,8.0
34070000,8.0
34080000,8.0
34090000,8.0
34500000,8.0
34510000,8.0
34520000,8.0
34610000,8.0
34620000,8.0
34630000,8.0
34640000,8.0
34650000,8.0
34660000,8.0
34670000,8.0
34680000,8.0
34690000,8.0
34900000,8.0
34910000,8.0
34920000,8.0
34930000,8.0
34940000,8.0
34950000,8.0
34960000,8.0
34970000,8.0
34980000,8.0
34990000,8.0
40000000,0.0
40010000,0.0
40020000,0.0
40030000,0.0
40050000,0.0
40500000,0.0
41000000,0.0
41010000,0.0
41020000,0.0
41030000,0.0
41040000,0.0
41060000,0.0
41070000,0.0
41510000,0.0
41690000,0.0
42000000,0.0
42010000,0.0
42030000,0.0
42040000,0.0
42500000,0.0
42690000,0.0
43000000,0.0
43020000,0.0
43030000,0.0
43050000,0.0
43060000,0.0
43080000,0.0
43110000,0.0
43500000,0.0
43510000,0.0
43690000,0.0
43900000,0.0
44000000,-1
44010000,-1
44500000,-1
47000000,0.0
47010000,0.0
50000000,-1
50010000,-1
50020000,-1
50030000,-1
50040000,-1
50060000,-1
50080000,-1
50090000,-1
50100000,-1
50110000,-1
50130000,-1
50140000,-1
50150000,-1
50160000,-1
50170000,-1
50180000,-1
50190000,-1
50200000,-1
50210000,-1
50220000,-1
50230000,-1
50240000,-1
50260000,-1
50270000,-1
50280000,-1
50290000,-1
50300000,-1
50310000,-1
50320000,-1
50330000,-1
50340000,-1
50350000,-1
50540000,-1
50550000,-1
51000000,-1
51010000,-1
51020000,-1
51030000,-1
51040000,-1
51050000,-1
51060000,-1
51500000,-1
52000000,-1
52010000,-1
52020000,-1
52030000,-1
52040000,-1
52050000,-1
52060000,-1
52070000,-1
52080000,-1
52090000,-1
52100000,-1
52110000,-1
52120000,-1
52130000,-1
52140000,-1
52150000,-1
52160000,-1
52170000,-1
52180000,-1
52190000,-1
52520000,-1
52690000,-1
52900000,-1
52910000,-1
53000000,-1
53010000,-1
53020000,-1
53030000,-1
53500000,-1
60500000,5.0
60500100,5.0
60500200,5.0
60500300,5.0
60500400,5.0
60500500,5.0
60500600,5.0
60500700,5.0
60500800,5.0
60500900,5.0
60501000,5.0
60501100,5.0
60501200,5.0
60510000,5.0
60510100,5.0
60510200,5.0
60510300,5.0
60510400,5.0
60510500,5.0
60510600,5.0
60510700,5.0
60510800,5.0
60510900,5.0
60511000,5.0
60511100,5.0
60511200,5.0
60680000,5.0
60690000,5.0
61500000,10.0
61510000,10.0
61520000,10.0
61530000,10.0
61540000,10.0
61690000,10.0
62500000,15.0
62500100,15.0
62500200,15.0
62500300,15.0
62500400,15.0
62500500,15.0
62500600,15.0
62500700,15.0
62500800,15.0
62500900,15.0
62501000,15.0
62501100,15.0
62501200,15.0
62510000,15.674999999999999
62510100,15.674999999999999
62510200,15.674999999999999
62510300,15.674999999999999
62510400,15.674999999999999
62510500,15.674999999999999
62510600,15.674999999999999
62510700,15.674999999999999
62510800,15.674999999999999
62510900,15.674999999999999
62511000,15.674999999999999
62511100,15.674999999999999
62511200,15.674999999999999
63500000,12.0
63500100,12.0
63500200,12.0
63500300,12.0
63500400,12.0
63500500,12.0
63500600,12.0
63500700,12.0
63500800,12.0
63500900,12.0
63501000,12.0
63501100,12.0
63501200,12.0
64500000,13.0
64500100,13.0
64500200,13.0
64500300,13.0
64500400,13.0
64500500,13.0
64500600,13.0
64500700,13.0
64500800,13.0
64500900,13.0
64501000,13.0
64501100,13.0
64501200,13.0
64510000,13.0
64510100,13.0
64510200,13.0
64510300,13.0
64510400,13.0
64510500,13.0
64510600,13.0
64510700,13.0
64510800,13.0
64510900,13.0
64511000,13.0
64511100,13.0
64511200,13.0
64520000,15.34
66500000,15.0
66500100,15.0
66500200,15.0
66500300,15.0
66500400,15.0
66500500,15.0
66500600,15.0
66500700,15.0
66500800,15.0
66500900,15.0
66501000,15.0
66501100,15.0
66501200,15.0
66510000,15.674999999999999
66520000,15.524999999999999
66680000,15.524999999999999
66690000,15.674999999999999
67500000,11.82
67500100,11.82
67500200,11.82
67500300,11.82
67500400,11.82
67500500,11.82
67500600,11.82
67500700,11.82
67500800,11.82
67500900,11.82
67501000,11.82
67501100,11.82
67501200,11.82
67510000,12.18
67520000,12.36
67690000,12.18
68500000,12.0
68500100,12.0
68500200,12.0
68500300,12.0
68500400,12.0
68500500,12.0
68500600,12.0
68500700,12.0
68500800,12.0
68500900,12.0
68501000,12.0
68501100,12.0
68501200,12.0
68510000,12.72
68520000,12.0
68530000,12.0
68680000,12.0
68690000,12.72
90000000,12.0
90010000,12.0
90020000,12.0
90030000,12.0
98990000,12.0
99000000,12.0
99010000,15.0
99020000,14.0
99030000,12.0
99040000,0.0
99050000,-1
99060000,9.0
99999999,9.0
